,pred,label
0,<pad> food:positive</s>,['food:positive']
1,<pad> service:positive</s>,['service:positive']
2,<pad> food:positive</s>,['food:positive']
3,<pad> food:positive</s>,['food:positive']
4,"<pad> food:positive,ambience:positive</s>","['food:conflict,ambience:positive']"
5,"<pad> food:positive,service:positive</s>",['anecdotes/miscellaneous:positive']
6,<pad> food:positive</s>,['food:positive']
7,<pad> food:positive</s>,['food:positive']
8,<pad> food:positive</s>,['food:positive']
9,<pad> food:positive</s>,['food:positive']
10,<pad> food:negative</s>,['food:negative']
11,<pad> service:positive</s>,"['food:positive,service:negative']"
12,"<pad> food:positive,service:positive,ambience:positive</s>","['food:positive,ambience:positive']"
13,<pad> service:negative</s>,['service:negative']
14,<pad> food:negative</s>,['food:negative']
15,<pad> ambience:neutral</s>,['food:negative']
16,"<pad> food:positive,price:positive</s>","['food:positive,price:positive']"
17,"<pad> food:conflict,service:negative,price:negative</s>","['food:positive,service:negative']"
18,<pad> food:neutral</s>,['food:neutral']
19,<pad> service:positive</s>,['service:negative']
20,<pad> service:positive</s>,"['service:positive,anecdotes/miscellaneous:positive']"
21,<pad> food:positive</s>,"['food:positive,anecdotes/miscellaneous:positive']"
22,<pad> food:positive</s>,['food:positive']
23,<pad> anecdotes/miscellaneous:neutral</s>,['anecdotes/miscellaneous:positive']
24,<pad> anecdotes/miscellaneous:positive</s>,['anecdotes/miscellaneous:positive']
25,<pad> food:positive</s>,['food:positive']
26,<pad> anecdotes/miscellaneous:positive</s>,['anecdotes/miscellaneous:neutral']
27,<pad> anecdotes/miscellaneous:positive</s>,['anecdotes/miscellaneous:positive']
28,<pad> anecdotes/miscellaneous:positive</s>,['food:positive']
29,<pad> food:positive</s>,['food:positive']
30,"<pad> food:positive,service:positive</s>","['food:positive,service:positive']"
31,"<pad> food:positive,ambience:positive</s>","['food:positive,ambience:positive']"
32,<pad> food:positive</s>,['food:positive']
33,<pad> anecdotes/miscellaneous:positive</s>,['anecdotes/miscellaneous:positive']
34,"<pad> food:positive,service:positive,ambience:positive</s>","['ambience:positive,service:positive,food:positive']"
35,<pad> anecdotes/miscellaneous:positive</s>,['anecdotes/miscellaneous:positive']
36,"<pad> food:positive,ambience:positive</s>","['food:positive,ambience:positive']"
37,<pad> ambience:negative</s>,['food:negative']
38,<pad> food:negative</s>,['food:negative']
39,<pad> service:conflict</s>,['service:negative']
40,<pad> anecdotes/miscellaneous:positive</s>,['anecdotes/miscellaneous:positive']
41,<pad> food:positive</s>,['food:positive']
42,<pad> food:positive</s>,['food:positive']
43,<pad> food:positive</s>,['food:positive']
44,<pad> service:positive</s>,['service:positive']
45,<pad> anecdotes/miscellaneous:positive</s>,['anecdotes/miscellaneous:positive']
46,<pad> food:positive</s>,['food:positive']
47,"<pad> food:positive,service:positive</s>","['service:positive,food:positive']"
48,<pad> food:positive</s>,['food:neutral']
49,<pad> food:positive</s>,['food:positive']
50,"<pad> price:negative,food:negative</s>","['food:negative,price:negative']"
51,<pad> food:positive</s>,['food:positive']
52,"<pad> food:positive,price:positive</s>","['food:positive,price:positive']"
53,<pad> anecdotes/miscellaneous:positive</s>,['anecdotes/miscellaneous:positive']
54,<pad> anecdotes/miscellaneous:positive</s>,['anecdotes/miscellaneous:positive']
55,"<pad> food:positive,service:positive,ambience:positive</s>","['food:positive,service:positive,ambience:positive']"
56,<pad> anecdotes/miscellaneous:positive</s>,['anecdotes/miscellaneous:positive']
57,"<pad> food:positive,service:positive,ambience:positive</s>","['food:positive,service:positive,ambience:positive']"
58,"<pad> food:positive,ambience:positive,price:positive</s>","['food:positive,price:positive,ambience:positive']"
59,<pad> anecdotes/miscellaneous:positive</s>,['anecdotes/miscellaneous:positive']
60,<pad> anecdotes/miscellaneous:positive</s>,['anecdotes/miscellaneous:positive']
61,<pad> anecdotes/miscellaneous:positive</s>,['anecdotes/miscellaneous:positive']
62,"<pad> food:positive,price:positive</s>","['food:positive,price:positive']"
63,<pad> food:positive</s>,['food:positive']
64,<pad> food:negative</s>,['food:negative']
65,"<pad> food:positive,price:positive</s>","['food:positive,price:positive']"
66,<pad> food:positive</s>,['food:positive']
67,<pad> food:positive</s>,['food:positive']
68,<pad> price:negative</s>,['price:negative']
69,<pad> food:negative</s>,['food:negative']
70,"<pad> food:positive,service:positive,price:positive</s>","['food:positive,service:positive,price:positive']"
71,"<pad> service:negative,food:negative</s>","['service:negative,food:negative']"
72,<pad> service:negative</s>,['service:negative']
73,<pad> food:positive</s>,['food:positive']
74,<pad> anecdotes/miscellaneous:negative</s>,['ambience:negative']
75,<pad> anecdotes/miscellaneous:positive</s>,['anecdotes/miscellaneous:positive']
76,<pad> food:positive</s>,['food:positive']
77,<pad> anecdotes/miscellaneous:neutral</s>,['anecdotes/miscellaneous:neutral']
78,"<pad> food:positive,service:positive</s>","['food:positive,service:positive']"
79,<pad> food:positive</s>,['food:positive']
80,<pad> anecdotes/miscellaneous:positive</s>,['anecdotes/miscellaneous:positive']
81,"<pad> food:conflict,ambience:conflict</s>","['ambience:negative,food:positive']"
82,<pad> food:negative</s>,['food:negative']
83,<pad> anecdotes/miscellaneous:positive</s>,['food:negative']
84,<pad> food:positive</s>,['food:positive']
85,<pad> food:positive</s>,['food:positive']
86,"<pad> food:positive,ambience:positive</s>","['ambience:conflict,food:positive']"
87,<pad> anecdotes/miscellaneous:neutral</s>,['food:neutral']
88,<pad> ambience:positive</s>,['ambience:positive']
89,"<pad> food:negative,anecdotes/miscellaneous:negative</s>",['food:negative']
90,<pad> anecdotes/miscellaneous:neutral</s>,['anecdotes/miscellaneous:neutral']
91,<pad> service:positive</s>,['service:negative']
92,<pad> ambience:positive</s>,['ambience:positive']
93,<pad> food:positive</s>,['food:positive']
94,<pad> service:positive</s>,"['food:positive,service:positive']"
95,<pad> food:positive</s>,['food:positive']
96,<pad> anecdotes/miscellaneous:positive</s>,['anecdotes/miscellaneous:positive']
97,<pad> ambience:positive</s>,['ambience:positive']
98,<pad> food:positive</s>,['food:positive']
99,<pad> service:positive</s>,['service:positive']
100,<pad> food:negative</s>,['food:negative']
101,<pad> food:negative</s>,['food:negative']
102,<pad> food:negative</s>,['food:negative']
103,<pad> food:positive</s>,['food:positive']
104,<pad> ambience:positive</s>,['ambience:positive']
105,"<pad> food:positive,price:positive</s>","['food:positive,price:positive']"
106,<pad> food:positive</s>,['food:positive']
107,"<pad> service:positive,food:positive</s>",['service:conflict']
108,<pad> price:positive</s>,['price:positive']
109,"<pad> food:positive,ambience:positive</s>","['food:positive,ambience:positive']"
110,"<pad> food:negative,price:negative</s>","['food:negative,price:negative']"
111,<pad> food:conflict</s>,['food:positive']
112,<pad> anecdotes/miscellaneous:positive</s>,['anecdotes/miscellaneous:positive']
113,<pad> anecdotes/miscellaneous:positive</s>,['anecdotes/miscellaneous:positive']
114,<pad> anecdotes/miscellaneous:neutral</s>,['food:negative']
115,"<pad> food:positive,ambience:positive</s>","['food:positive,ambience:positive']"
116,<pad> anecdotes/miscellaneous:positive</s>,['anecdotes/miscellaneous:positive']
117,<pad> service:negative</s>,['service:negative']
118,<pad> ambience:positive</s>,['ambience:positive']
119,"<pad> price:negative,food:negative</s>","['price:negative,food:positive']"
120,<pad> anecdotes/miscellaneous:neutral</s>,['anecdotes/miscellaneous:negative']
121,"<pad> food:positive,price:negative</s>","['food:positive,price:positive']"
122,<pad> food:positive</s>,['food:positive']
123,<pad> price:negative</s>,['price:positive']
124,<pad> service:positive</s>,['service:positive']
125,<pad> service:negative</s>,['service:conflict']
126,<pad> ambience:negative</s>,['ambience:negative']
127,<pad> anecdotes/miscellaneous:negative</s>,['anecdotes/miscellaneous:negative']
128,<pad> anecdotes/miscellaneous:positive</s>,['anecdotes/miscellaneous:positive']
129,<pad> service:positive</s>,['service:positive']
130,<pad> food:positive</s>,['food:positive']
131,<pad> food:positive</s>,['food:positive']
132,<pad> food:negative</s>,['food:negative']
133,<pad> food:positive</s>,['food:positive']
134,"<pad> service:positive,ambience:positive</s>","['food:positive,service:positive']"
135,<pad> food:positive</s>,['food:positive']
136,<pad> service:positive</s>,['service:positive']
137,<pad> anecdotes/miscellaneous:positive</s>,['anecdotes/miscellaneous:positive']
138,<pad> food:conflict</s>,['food:conflict']
139,<pad> food:positive</s>,['food:positive']
140,"<pad> food:positive,service:positive</s>","['food:positive,service:positive']"
141,<pad> food:positive</s>,['food:neutral']
142,<pad> food:positive</s>,['food:negative']
143,"<pad> service:negative,ambience:negative</s>",['service:negative']
144,"<pad> food:negative,service:negative</s>","['food:negative,service:negative']"
145,<pad> food:neutral</s>,['food:negative']
146,"<pad> food:positive,service:positive</s>","['service:positive,food:positive']"
147,<pad> food:positive</s>,['food:positive']
148,<pad> food:positive</s>,['food:positive']
149,<pad> service:positive</s>,['anecdotes/miscellaneous:neutral']
150,<pad> food:positive</s>,['food:positive']
151,<pad> food:positive</s>,['food:positive']
152,"<pad> food:negative,service:negative</s>",['food:negative']
153,<pad> ambience:neutral</s>,['ambience:neutral']
154,<pad> food:positive</s>,['food:positive']
155,<pad> food:positive</s>,['food:positive']
156,<pad> price:negative</s>,['price:negative']
157,<pad> anecdotes/miscellaneous:positive</s>,['anecdotes/miscellaneous:positive']
158,<pad> food:positive</s>,['food:positive']
159,<pad> food:positive</s>,['food:positive']
160,<pad> food:positive</s>,['food:positive']
161,<pad> service:positive</s>,['service:positive']
162,<pad> ambience:conflict</s>,['ambience:conflict']
163,<pad> service:positive</s>,['service:positive']
164,<pad> service:positive</s>,"['service:positive,food:positive']"
165,<pad> food:positive</s>,['food:positive']
166,<pad> food:positive</s>,['food:positive']
167,<pad> food:positive</s>,['food:positive']
168,<pad> service:positive</s>,"['service:positive,ambience:neutral']"
169,<pad> food:neutral</s>,['food:conflict']
170,"<pad> service:positive,price:positive</s>","['service:positive,price:positive']"
171,<pad> ambience:positive</s>,['ambience:positive']
172,<pad> food:positive</s>,['anecdotes/miscellaneous:neutral']
173,<pad> food:positive</s>,['food:positive']
174,<pad> anecdotes/miscellaneous:neutral</s>,['anecdotes/miscellaneous:neutral']
175,"<pad> food:positive,service:positive</s>","['service:positive,food:positive']"
176,<pad> food:positive</s>,['food:negative']
177,<pad> service:negative</s>,['service:negative']
178,<pad> food:positive</s>,['food:neutral']
179,<pad> service:positive</s>,['service:positive']
180,<pad> food:negative</s>,['food:negative']
181,<pad> service:positive</s>,"['service:positive,food:positive']"
182,<pad> food:positive</s>,['food:positive']
183,<pad> food:positive</s>,['food:positive']
184,<pad> anecdotes/miscellaneous:positive</s>,['anecdotes/miscellaneous:positive']
185,<pad> food:positive</s>,['food:positive']
186,<pad> anecdotes/miscellaneous:positive</s>,['anecdotes/miscellaneous:positive']
187,<pad> ambience:conflict</s>,['ambience:negative']
188,"<pad> service:positive,ambience:positive</s>",['service:positive']
189,<pad> service:positive</s>,['service:positive']
190,<pad> anecdotes/miscellaneous:positive</s>,['ambience:negative']
191,<pad> food:positive</s>,['food:positive']
192,<pad> food:positive</s>,['food:positive']
193,<pad> food:positive</s>,['food:positive']
194,<pad> food:positive</s>,['food:positive']
195,"<pad> food:positive,ambience:positive</s>","['food:positive,ambience:positive']"
196,"<pad> price:negative,food:negative</s>","['price:negative,food:negative']"
197,<pad> food:positive</s>,['food:negative']
198,<pad> anecdotes/miscellaneous:positive</s>,['anecdotes/miscellaneous:negative']
199,<pad> anecdotes/miscellaneous:positive</s>,['anecdotes/miscellaneous:positive']
200,<pad> ambience:positive</s>,['ambience:positive']
201,<pad> anecdotes/miscellaneous:positive</s>,['anecdotes/miscellaneous:positive']
202,<pad> anecdotes/miscellaneous:positive</s>,['anecdotes/miscellaneous:negative']
203,<pad> anecdotes/miscellaneous:positive</s>,['food:positive']
204,<pad> anecdotes/miscellaneous:positive</s>,['anecdotes/miscellaneous:positive']
205,<pad> anecdotes/miscellaneous:negative</s>,['anecdotes/miscellaneous:negative']
206,"<pad> service:positive,ambience:positive</s>","['service:positive,ambience:positive']"
207,<pad> food:positive</s>,['food:positive']
208,"<pad> food:positive,service:positive,ambience:positive</s>","['food:positive,ambience:positive,service:positive']"
209,<pad> food:positive</s>,['food:positive']
210,"<pad> service:negative,ambience:negative</s>",['service:negative']
211,<pad> anecdotes/miscellaneous:neutral</s>,['anecdotes/miscellaneous:positive']
212,<pad> price:positive</s>,['price:conflict']
213,<pad> food:positive</s>,['food:positive']
214,<pad> food:positive</s>,['food:positive']
215,<pad> food:positive</s>,['food:positive']
216,<pad> anecdotes/miscellaneous:neutral</s>,['anecdotes/miscellaneous:neutral']
217,<pad> food:positive</s>,['food:positive']
218,<pad> anecdotes/miscellaneous:positive</s>,['anecdotes/miscellaneous:positive']
219,<pad> service:positive</s>,['service:positive']
220,<pad> service:positive</s>,['service:negative']
221,<pad> anecdotes/miscellaneous:neutral</s>,['anecdotes/miscellaneous:neutral']
222,<pad> anecdotes/miscellaneous:neutral</s>,['anecdotes/miscellaneous:neutral']
223,<pad> food:positive</s>,['food:positive']
224,"<pad> service:negative,ambience:negative</s>",['ambience:negative']
225,"<pad> service:positive,ambience:positive</s>","['service:positive,ambience:positive']"
226,<pad> food:neutral</s>,['food:positive']
227,<pad> anecdotes/miscellaneous:neutral</s>,['anecdotes/miscellaneous:neutral']
228,<pad> food:positive</s>,['food:positive']
229,<pad> food:neutral</s>,['food:negative']
230,<pad> anecdotes/miscellaneous:neutral</s>,['anecdotes/miscellaneous:positive']
231,<pad> price:negative</s>,['price:negative']
232,<pad> anecdotes/miscellaneous:positive</s>,['anecdotes/miscellaneous:positive']
233,<pad> price:positive</s>,['anecdotes/miscellaneous:negative']
234,<pad> food:positive</s>,['food:positive']
235,<pad> anecdotes/miscellaneous:neutral</s>,['anecdotes/miscellaneous:positive']
236,<pad> service:negative</s>,['service:negative']
237,"<pad> service:positive,ambience:positive</s>","['service:positive,ambience:positive']"
238,<pad> food:negative</s>,['food:negative']
239,"<pad> service:negative,food:negative</s>","['service:negative,food:negative']"
240,<pad> price:negative</s>,"['price:neutral,service:neutral']"
241,<pad> anecdotes/miscellaneous:positive</s>,['anecdotes/miscellaneous:positive']
242,<pad> anecdotes/miscellaneous:neutral</s>,['anecdotes/miscellaneous:neutral']
243,<pad> price:positive</s>,['price:positive']
244,<pad> food:positive</s>,['food:positive']
245,"<pad> food:positive,price:positive</s>","['food:positive,price:positive']"
246,"<pad> food:positive,ambience:positive</s>","['ambience:positive,food:positive']"
247,<pad> anecdotes/miscellaneous:neutral</s>,['anecdotes/miscellaneous:neutral']
248,<pad> food:neutral</s>,['food:neutral']
249,<pad> anecdotes/miscellaneous:positive</s>,['anecdotes/miscellaneous:neutral']
250,<pad> food:positive</s>,['food:positive']
251,<pad> anecdotes/miscellaneous:positive</s>,['anecdotes/miscellaneous:positive']
252,<pad> food:negative</s>,['food:negative']
253,<pad> food:negative</s>,['food:negative']
254,<pad> food:positive</s>,['food:positive']
255,<pad> anecdotes/miscellaneous:neutral</s>,['anecdotes/miscellaneous:positive']
256,"<pad> price:negative,food:negative</s>","['price:negative,food:negative']"
257,<pad> anecdotes/miscellaneous:negative</s>,['anecdotes/miscellaneous:negative']
258,<pad> service:negative</s>,['service:negative']
259,<pad> service:negative</s>,['service:negative']
260,<pad> food:positive</s>,['food:positive']
261,<pad> service:positive</s>,['service:positive']
262,<pad> anecdotes/miscellaneous:positive</s>,['anecdotes/miscellaneous:positive']
263,<pad> anecdotes/miscellaneous:positive</s>,['anecdotes/miscellaneous:positive']
264,<pad> food:neutral</s>,['food:neutral']
265,"<pad> food:negative,price:negative,ambience:negative</s>","['ambience:negative,price:negative,food:negative']"
266,<pad> anecdotes/miscellaneous:positive</s>,['anecdotes/miscellaneous:positive']
267,<pad> anecdotes/miscellaneous:positive</s>,['anecdotes/miscellaneous:positive']
268,<pad> ambience:positive</s>,['ambience:positive']
269,<pad> service:positive</s>,['service:positive']
270,<pad> service:positive</s>,['service:negative']
271,<pad> anecdotes/miscellaneous:neutral</s>,['anecdotes/miscellaneous:neutral']
272,<pad> anecdotes/miscellaneous:negative</s>,['anecdotes/miscellaneous:negative']
273,<pad> anecdotes/miscellaneous:positive</s>,['anecdotes/miscellaneous:positive']
274,<pad> food:positive</s>,['food:positive']
275,<pad> service:negative</s>,['service:negative']
276,<pad> anecdotes/miscellaneous:positive</s>,['anecdotes/miscellaneous:positive']
277,<pad> price:negative</s>,"['price:negative,anecdotes/miscellaneous:negative']"
278,<pad> anecdotes/miscellaneous:negative</s>,['anecdotes/miscellaneous:negative']
279,<pad> anecdotes/miscellaneous:neutral</s>,['anecdotes/miscellaneous:neutral']
280,<pad> anecdotes/miscellaneous:positive</s>,['anecdotes/miscellaneous:positive']
281,<pad> food:positive</s>,['food:positive']
282,<pad> food:positive</s>,['food:positive']
283,<pad> anecdotes/miscellaneous:positive</s>,['anecdotes/miscellaneous:negative']
284,<pad> anecdotes/miscellaneous:positive</s>,['anecdotes/miscellaneous:positive']
285,<pad> anecdotes/miscellaneous:positive</s>,['anecdotes/miscellaneous:positive']
286,<pad> anecdotes/miscellaneous:neutral</s>,['anecdotes/miscellaneous:neutral']
287,<pad> service:positive</s>,['service:positive']
288,<pad> anecdotes/miscellaneous:neutral</s>,['anecdotes/miscellaneous:neutral']
289,<pad> anecdotes/miscellaneous:positive</s>,['anecdotes/miscellaneous:neutral']
290,<pad> food:positive</s>,['food:positive']
291,<pad> service:positive</s>,['service:positive']
292,<pad> anecdotes/miscellaneous:positive</s>,['anecdotes/miscellaneous:positive']
293,<pad> anecdotes/miscellaneous:neutral</s>,['anecdotes/miscellaneous:neutral']
294,<pad> food:positive</s>,['food:positive']
295,<pad> anecdotes/miscellaneous:positive</s>,['anecdotes/miscellaneous:positive']
296,<pad> anecdotes/miscellaneous:positive</s>,['anecdotes/miscellaneous:positive']
297,<pad> anecdotes/miscellaneous:negative</s>,['anecdotes/miscellaneous:negative']
298,<pad> anecdotes/miscellaneous:neutral</s>,['anecdotes/miscellaneous:neutral']
299,<pad> anecdotes/miscellaneous:positive</s>,['anecdotes/miscellaneous:positive']
300,<pad> food:positive</s>,['food:positive']
301,<pad> service:positive</s>,['service:positive']
302,<pad> anecdotes/miscellaneous:neutral</s>,['anecdotes/miscellaneous:neutral']
303,"<pad> food:positive,service:positive,ambience:positive</s>","['food:positive,ambience:positive,service:positive']"
304,<pad> anecdotes/miscellaneous:positive</s>,['anecdotes/miscellaneous:positive']
305,"<pad> food:positive,service:positive</s>","['food:positive,service:positive']"
306,<pad> food:neutral</s>,['food:neutral']
307,<pad> anecdotes/miscellaneous:positive</s>,['anecdotes/miscellaneous:positive']
308,<pad> anecdotes/miscellaneous:neutral</s>,['anecdotes/miscellaneous:positive']
309,<pad> anecdotes/miscellaneous:negative</s>,['anecdotes/miscellaneous:negative']
310,<pad> anecdotes/miscellaneous:positive</s>,['anecdotes/miscellaneous:conflict']
311,<pad> food:positive</s>,['food:positive']
312,<pad> service:positive</s>,['service:positive']
313,"<pad> service:positive,ambience:positive</s>","['ambience:positive,service:positive']"
314,"<pad> food:positive,ambience:positive</s>","['food:positive,ambience:positive']"
315,<pad> anecdotes/miscellaneous:positive</s>,['anecdotes/miscellaneous:positive']
316,<pad> anecdotes/miscellaneous:positive</s>,['anecdotes/miscellaneous:positive']
317,<pad> anecdotes/miscellaneous:positive</s>,['anecdotes/miscellaneous:positive']
318,<pad> food:positive</s>,['food:positive']
319,<pad> anecdotes/miscellaneous:positive</s>,['anecdotes/miscellaneous:positive']
320,<pad> anecdotes/miscellaneous:positive</s>,['anecdotes/miscellaneous:positive']
321,<pad> food:positive</s>,['food:positive']
322,<pad> food:positive</s>,['food:positive']
323,<pad> food:positive</s>,['food:positive']
324,<pad> service:positive</s>,['service:positive']
325,<pad> food:positive</s>,['food:positive']
326,<pad> food:positive</s>,['food:positive']
327,<pad> price:positive</s>,['price:positive']
328,<pad> anecdotes/miscellaneous:neutral</s>,['anecdotes/miscellaneous:negative']
329,<pad> food:positive</s>,['food:positive']
330,<pad> food:positive</s>,['food:positive']
331,<pad> food:positive</s>,['food:positive']
332,"<pad> food:positive,price:positive</s>","['food:positive,price:positive']"
333,<pad> anecdotes/miscellaneous:positive</s>,['anecdotes/miscellaneous:positive']
334,<pad> anecdotes/miscellaneous:positive</s>,['anecdotes/miscellaneous:negative']
335,<pad> food:positive</s>,['food:positive']
336,<pad> anecdotes/miscellaneous:positive</s>,['anecdotes/miscellaneous:positive']
337,"<pad> food:positive,service:positive</s>","['service:positive,food:positive']"
338,"<pad> service:positive,food:positive</s>","['service:positive,food:positive']"
339,<pad> food:positive</s>,['food:positive']
340,<pad> service:positive</s>,['service:positive']
341,<pad> anecdotes/miscellaneous:positive</s>,['food:positive']
342,"<pad> service:positive,price:positive</s>","['service:positive,price:positive,food:positive']"
343,"<pad> price:negative,food:positive</s>",['price:negative']
344,<pad> anecdotes/miscellaneous:positive</s>,['anecdotes/miscellaneous:positive']
345,"<pad> food:positive,price:positive</s>",['price:conflict']
346,<pad> anecdotes/miscellaneous:positive</s>,['anecdotes/miscellaneous:neutral']
347,<pad> anecdotes/miscellaneous:positive</s>,['anecdotes/miscellaneous:positive']
348,<pad> anecdotes/miscellaneous:positive</s>,['anecdotes/miscellaneous:positive']
349,"<pad> price:negative,anecdotes/miscellaneous:negative</s>","['price:positive,anecdotes/miscellaneous:conflict']"
350,"<pad> food:positive,service:negative</s>","['food:positive,service:negative']"
351,<pad> anecdotes/miscellaneous:positive</s>,['anecdotes/miscellaneous:positive']
352,<pad> anecdotes/miscellaneous:positive</s>,['anecdotes/miscellaneous:neutral']
353,<pad> ambience:conflict</s>,['ambience:conflict']
354,<pad> anecdotes/miscellaneous:positive</s>,['anecdotes/miscellaneous:positive']
355,<pad> anecdotes/miscellaneous:positive</s>,['anecdotes/miscellaneous:positive']
356,<pad> ambience:positive</s>,['ambience:positive']
357,<pad> anecdotes/miscellaneous:neutral</s>,['anecdotes/miscellaneous:neutral']
358,<pad> anecdotes/miscellaneous:neutral</s>,['anecdotes/miscellaneous:positive']
359,<pad> anecdotes/miscellaneous:neutral</s>,['anecdotes/miscellaneous:negative']
360,"<pad> food:positive,anecdotes/miscellaneous:positive</s>",['food:positive']
361,<pad> anecdotes/miscellaneous:conflict</s>,['anecdotes/miscellaneous:positive']
362,<pad> service:positive</s>,['service:positive']
363,<pad> food:negative</s>,['food:negative']
364,<pad> food:positive</s>,['food:positive']
365,<pad> anecdotes/miscellaneous:positive</s>,['anecdotes/miscellaneous:positive']
366,<pad> food:negative</s>,['food:negative']
367,<pad> anecdotes/miscellaneous:positive</s>,['anecdotes/miscellaneous:positive']
368,<pad> anecdotes/miscellaneous:positive</s>,['anecdotes/miscellaneous:positive']
369,<pad> service:positive</s>,"['service:positive,anecdotes/miscellaneous:positive']"
370,<pad> anecdotes/miscellaneous:neutral</s>,['anecdotes/miscellaneous:neutral']
371,"<pad> service:negative,food:negative</s>","['food:negative,price:negative']"
372,<pad> food:positive</s>,['food:negative']
373,<pad> price:negative</s>,['price:positive']
374,"<pad> service:positive,price:positive</s>","['service:positive,price:positive']"
375,"<pad> price:positive,food:positive</s>","['food:positive,price:positive']"
376,<pad> food:positive</s>,['food:positive']
377,"<pad> food:positive,price:positive</s>","['food:positive,price:positive']"
378,<pad> anecdotes/miscellaneous:positive</s>,['anecdotes/miscellaneous:conflict']
379,"<pad> food:positive,service:positive</s>",['food:positive']
380,<pad> anecdotes/miscellaneous:positive</s>,['anecdotes/miscellaneous:positive']
381,<pad> service:positive</s>,['service:positive']
382,<pad> food:positive</s>,['food:positive']
383,<pad> anecdotes/miscellaneous:positive</s>,['anecdotes/miscellaneous:positive']
384,<pad> anecdotes/miscellaneous:positive</s>,['anecdotes/miscellaneous:positive']
385,<pad> anecdotes/miscellaneous:positive</s>,['anecdotes/miscellaneous:positive']
386,"<pad> price:positive,food:positive</s>","['price:positive,food:positive']"
387,<pad> food:positive</s>,['food:positive']
388,<pad> food:positive</s>,['food:positive']
389,<pad> anecdotes/miscellaneous:positive</s>,['anecdotes/miscellaneous:positive']
390,<pad> service:positive</s>,['service:positive']
391,"<pad> service:positive,food:positive</s>","['service:positive,food:positive']"
392,<pad> anecdotes/miscellaneous:neutral</s>,['anecdotes/miscellaneous:neutral']
393,<pad> anecdotes/miscellaneous:positive</s>,['anecdotes/miscellaneous:positive']
394,<pad> service:positive</s>,['service:positive']
395,<pad> service:negative</s>,['service:negative']
396,<pad> anecdotes/miscellaneous:positive</s>,['anecdotes/miscellaneous:negative']
397,<pad> anecdotes/miscellaneous:neutral</s>,['anecdotes/miscellaneous:neutral']
398,<pad> service:positive</s>,"['service:positive,food:positive']"
399,<pad> food:positive</s>,['food:positive']
400,<pad> food:positive</s>,['food:positive']
401,<pad> food:neutral</s>,['food:neutral']
402,<pad> food:positive</s>,['food:positive']
403,<pad> food:positive</s>,['food:positive']
404,<pad> service:positive</s>,['ambience:positive']
405,<pad> anecdotes/miscellaneous:negative</s>,['anecdotes/miscellaneous:negative']
406,<pad> service:positive</s>,['service:positive']
407,<pad> food:neutral</s>,['food:neutral']
408,<pad> food:positive</s>,['food:negative']
409,<pad> food:positive</s>,['food:negative']
410,"<pad> service:negative,price:negative</s>","['service:negative,price:negative']"
411,<pad> anecdotes/miscellaneous:positive</s>,['anecdotes/miscellaneous:negative']
412,<pad> service:positive</s>,['service:positive']
413,<pad> anecdotes/miscellaneous:positive</s>,['anecdotes/miscellaneous:positive']
414,<pad> food:positive</s>,['food:positive']
415,<pad> ambience:positive</s>,['ambience:positive']
416,"<pad> food:positive,price:negative</s>","['food:positive,price:negative']"
417,<pad> anecdotes/miscellaneous:positive</s>,['anecdotes/miscellaneous:positive']
418,<pad> food:positive</s>,['food:positive']
419,<pad> food:positive</s>,['food:positive']
420,<pad> anecdotes/miscellaneous:neutral</s>,['anecdotes/miscellaneous:neutral']
421,"<pad> anecdotes/miscellaneous:neutral,food:conflict</s>",['service:negative']
422,<pad> anecdotes/miscellaneous:positive</s>,['anecdotes/miscellaneous:positive']
423,"<pad> food:positive,price:positive</s>","['food:positive,price:positive,service:positive']"
424,<pad> food:positive</s>,['food:positive']
425,<pad> food:positive</s>,['food:negative']
426,<pad> anecdotes/miscellaneous:positive</s>,['anecdotes/miscellaneous:positive']
427,<pad> price:positive</s>,['price:positive']
428,<pad> service:positive</s>,['service:negative']
429,"<pad> price:positive,food:positive</s>","['food:positive,price:negative']"
430,<pad> food:positive</s>,['food:positive']
431,<pad> food:positive</s>,['food:positive']
432,<pad> price:positive</s>,"['food:positive,price:positive']"
433,<pad> food:positive</s>,"['food:positive,service:positive,ambience:positive']"
434,<pad> food:positive</s>,['food:positive']
435,<pad> food:positive</s>,['food:positive']
436,"<pad> food:positive,service:positive,price:positive</s>","['food:positive,price:positive,ambience:positive']"
437,<pad> food:positive</s>,['food:positive']
438,<pad> anecdotes/miscellaneous:neutral</s>,['anecdotes/miscellaneous:neutral']
439,<pad> food:positive</s>,['food:positive']
440,<pad> service:negative</s>,['service:negative']
441,"<pad> service:negative,food:negative</s>",['service:negative']
442,"<pad> food:negative,service:negative</s>","['service:negative,food:negative,anecdotes/miscellaneous:negative']"
443,<pad> anecdotes/miscellaneous:positive</s>,['anecdotes/miscellaneous:positive']
444,"<pad> food:positive,price:positive</s>",['anecdotes/miscellaneous:negative']
445,<pad> ambience:conflict</s>,"['ambience:conflict,anecdotes/miscellaneous:negative']"
446,<pad> service:negative</s>,['service:negative']
447,<pad> food:positive</s>,"['food:positive,anecdotes/miscellaneous:positive']"
448,"<pad> service:negative,price:negative,ambience:negative</s>","['service:negative,food:negative,price:negative,anecdotes/miscellaneous:negative']"
449,"<pad> anecdotes/miscellaneous:positive,service:positive,price:positive</s>","['food:positive,price:positive,service:positive']"
450,<pad> service:negative</s>,['anecdotes/miscellaneous:neutral']
451,<pad> food:positive</s>,['food:positive']
452,"<pad> food:positive,service:positive</s>","['food:positive,service:positive']"
453,<pad> food:positive</s>,"['food:positive,anecdotes/miscellaneous:positive']"
454,"<pad> anecdotes/miscellaneous:positive,food:positive</s>",['food:positive']
455,<pad> anecdotes/miscellaneous:positive</s>,['anecdotes/miscellaneous:positive']
456,<pad> service:negative</s>,['service:neutral']
457,<pad> food:positive</s>,['food:negative']
458,<pad> food:positive</s>,['food:positive']
459,<pad> service:positive</s>,['food:negative']
460,<pad> food:positive</s>,['food:positive']
461,"<pad> service:negative,ambience:negative</s>","['service:negative,anecdotes/miscellaneous:negative']"
462,<pad> food:negative</s>,['food:negative']
463,<pad> anecdotes/miscellaneous:neutral</s>,['anecdotes/miscellaneous:neutral']
464,<pad> anecdotes/miscellaneous:negative</s>,['anecdotes/miscellaneous:negative']
465,<pad> ambience:conflict</s>,['anecdotes/miscellaneous:conflict']
466,<pad> anecdotes/miscellaneous:positive</s>,['anecdotes/miscellaneous:positive']
467,<pad> anecdotes/miscellaneous:positive</s>,['anecdotes/miscellaneous:positive']
468,<pad> food:neutral</s>,['food:neutral']
469,"<pad> food:positive,service:positive</s>","['food:positive,service:positive']"
470,<pad> price:positive</s>,"['price:conflict,anecdotes/miscellaneous:positive']"
471,"<pad> food:positive,service:positive</s>",['food:positive']
472,"<pad> food:positive,service:positive,ambience:positive</s>","['food:positive,ambience:positive']"
473,<pad> anecdotes/miscellaneous:positive</s>,['anecdotes/miscellaneous:neutral']
474,<pad> ambience:positive</s>,['ambience:neutral']
475,<pad> anecdotes/miscellaneous:positive</s>,['anecdotes/miscellaneous:positive']
476,"<pad> food:positive,price:positive</s>","['food:positive,price:positive']"
477,<pad> anecdotes/miscellaneous:positive</s>,['anecdotes/miscellaneous:positive']
478,"<pad> food:positive,service:positive,ambience:positive</s>","['food:positive,service:positive']"
479,"<pad> food:positive,ambience:positive</s>","['ambience:positive,food:positive']"
480,<pad> food:neutral</s>,['food:neutral']
481,<pad> food:neutral</s>,['food:negative']
482,<pad> service:positive</s>,['service:positive']
483,<pad> ambience:conflict</s>,"['ambience:positive,anecdotes/miscellaneous:negative']"
484,<pad> food:conflict</s>,['food:conflict']
485,<pad> food:positive</s>,['food:positive']
486,"<pad> food:positive,service:positive</s>","['food:positive,service:positive']"
487,<pad> food:positive</s>,['food:positive']
488,"<pad> service:negative,price:negative</s>","['price:negative,service:negative,anecdotes/miscellaneous:negative']"
489,"<pad> service:negative,ambience:negative</s>","['service:negative,anecdotes/miscellaneous:negative']"
490,"<pad> food:positive,price:positive</s>","['food:positive,price:positive']"
491,<pad> food:positive</s>,['food:positive']
492,<pad> ambience:positive</s>,"['anecdotes/miscellaneous:positive,ambience:positive']"
493,"<pad> food:positive,service:positive,price:positive</s>","['service:positive,food:positive,price:positive']"
494,<pad> anecdotes/miscellaneous:positive</s>,['anecdotes/miscellaneous:negative']
495,<pad> food:positive</s>,['anecdotes/miscellaneous:neutral']
496,<pad> anecdotes/miscellaneous:conflict</s>,"['food:positive,anecdotes/miscellaneous:conflict']"
497,<pad> food:neutral</s>,['food:neutral']
498,<pad> food:positive</s>,['food:positive']
499,<pad> anecdotes/miscellaneous:negative</s>,['anecdotes/miscellaneous:negative']
500,<pad> food:positive</s>,['food:positive']
501,<pad> ambience:neutral</s>,['anecdotes/miscellaneous:positive']
502,<pad> food:positive</s>,['food:positive']
503,"<pad> service:conflict,ambience:negative</s>","['ambience:negative,anecdotes/miscellaneous:conflict']"
504,"<pad> service:positive,ambience:positive</s>","['anecdotes/miscellaneous:conflict,service:negative']"
505,<pad> anecdotes/miscellaneous:conflict</s>,['anecdotes/miscellaneous:conflict']
506,<pad> food:negative</s>,['food:negative']
507,<pad> food:positive</s>,['food:positive']
508,<pad> anecdotes/miscellaneous:positive</s>,['anecdotes/miscellaneous:neutral']
509,"<pad> food:positive,ambience:positive</s>","['ambience:conflict,food:positive']"
510,<pad> food:positive</s>,['food:positive']
511,<pad> ambience:positive</s>,['ambience:positive']
512,"<pad> service:positive,ambience:positive</s>","['ambience:positive,food:positive,service:positive']"
513,<pad> food:neutral</s>,['food:positive']
514,<pad> anecdotes/miscellaneous:neutral</s>,['anecdotes/miscellaneous:neutral']
515,<pad> food:conflict</s>,['food:negative']
516,<pad> anecdotes/miscellaneous:conflict</s>,['anecdotes/miscellaneous:conflict']
517,"<pad> food:positive,price:positive</s>","['food:negative,price:negative,ambience:negative']"
518,<pad> food:neutral</s>,['food:conflict']
519,<pad> food:positive</s>,['food:positive']
520,"<pad> price:negative,food:negative</s>","['price:negative,food:negative']"
521,<pad> service:negative</s>,"['service:negative,anecdotes/miscellaneous:negative']"
522,<pad> anecdotes/miscellaneous:positive</s>,['anecdotes/miscellaneous:positive']
523,<pad> service:positive</s>,['service:positive']
524,<pad> ambience:positive</s>,['ambience:positive']
525,<pad> food:positive</s>,['anecdotes/miscellaneous:positive']
526,<pad> ambience:positive</s>,['ambience:positive']
527,"<pad> service:positive,price:positive</s>","['service:positive,price:positive']"
528,"<pad> food:positive,service:positive</s>","['service:positive,food:positive']"
529,<pad> food:negative</s>,['anecdotes/miscellaneous:negative']
530,<pad> food:positive</s>,['anecdotes/miscellaneous:positive']
531,"<pad> food:positive,ambience:positive</s>","['food:positive,ambience:positive']"
532,"<pad> service:negative,ambience:negative</s>",['service:negative']
533,<pad> food:positive</s>,['food:positive']
534,<pad> service:positive</s>,['service:negative']
535,<pad> service:negative</s>,['service:negative']
536,<pad> food:positive</s>,['food:positive']
537,<pad> food:positive</s>,['food:positive']
538,<pad> food:positive</s>,['food:positive']
539,<pad> service:negative</s>,['service:negative']
540,"<pad> food:positive,price:positive</s>",['food:neutral']
541,<pad> ambience:positive</s>,['ambience:conflict']
542,<pad> food:positive</s>,['food:positive']
543,<pad> food:positive</s>,['food:positive']
544,<pad> food:positive</s>,['food:conflict']
545,<pad> ambience:neutral</s>,['ambience:negative']
546,<pad> food:positive</s>,"['food:positive,anecdotes/miscellaneous:positive']"
547,<pad> anecdotes/miscellaneous:positive</s>,['anecdotes/miscellaneous:conflict']
548,<pad> service:negative</s>,"['service:negative,anecdotes/miscellaneous:positive']"
549,"<pad> service:negative,ambience:negative,price:negative</s>","['price:positive,service:positive,ambience:positive']"
550,<pad> service:negative</s>,['service:negative']
551,<pad> ambience:positive</s>,"['ambience:positive,anecdotes/miscellaneous:positive']"
552,"<pad> food:negative,price:negative</s>","['ambience:negative,food:positive,price:positive']"
553,<pad> food:neutral</s>,"['food:neutral,anecdotes/miscellaneous:positive']"
554,"<pad> service:conflict,ambience:conflict</s>","['ambience:conflict,service:positive']"
555,<pad> price:positive</s>,"['price:positive,ambience:positive']"
556,"<pad> service:positive,food:positive</s>","['service:positive,food:positive']"
557,"<pad> anecdotes/miscellaneous:neutral,food:neutral</s>","['service:negative,food:neutral']"
558,<pad> food:positive</s>,['food:conflict']
559,<pad> service:positive</s>,"['service:positive,ambience:positive']"
560,"<pad> food:positive,price:positive</s>","['food:positive,price:positive']"
561,<pad> service:negative</s>,['anecdotes/miscellaneous:negative']
562,"<pad> price:positive,food:positive</s>","['price:positive,food:positive']"
563,<pad> ambience:neutral</s>,['ambience:neutral']
564,<pad> service:negative</s>,['service:negative']
565,"<pad> food:positive,service:negative,ambience:negative</s>","['food:negative,ambience:negative,service:negative']"
566,"<pad> food:positive,service:positive,price:positive</s>","['service:positive,food:positive,price:positive']"
567,<pad> food:neutral</s>,['food:neutral']
568,"<pad> food:negative,service:negative</s>","['service:neutral,food:negative']"
569,"<pad> service:positive,ambience:positive</s>","['ambience:positive,food:positive']"
570,"<pad> food:positive,price:positive</s>","['food:positive,price:positive']"
571,<pad> price:negative</s>,"['price:negative,food:negative']"
572,<pad> food:positive</s>,['food:positive']
573,<pad> food:positive</s>,['food:positive']
574,"<pad> food:positive,price:positive</s>","['food:positive,price:positive']"
575,"<pad> food:positive,anecdotes/miscellaneous:positive</s>","['ambience:negative,food:negative']"
576,"<pad> food:neutral,price:negative</s>","['price:negative,food:negative']"
577,<pad> anecdotes/miscellaneous:conflict</s>,['anecdotes/miscellaneous:conflict']
578,"<pad> food:positive,service:positive</s>","['service:positive,price:positive,anecdotes/miscellaneous:positive']"
579,<pad> food:positive</s>,['food:positive']
580,<pad> service:negative</s>,['service:negative']
581,<pad> anecdotes/miscellaneous:positive</s>,['anecdotes/miscellaneous:positive']
582,"<pad> food:positive,service:positive</s>","['food:positive,service:positive']"
583,"<pad> food:positive,ambience:positive</s>","['ambience:positive,food:positive']"
584,<pad> food:positive</s>,['food:positive']
585,<pad> food:positive</s>,['food:positive']
586,<pad> service:positive</s>,['service:negative']
587,<pad> ambience:positive</s>,['ambience:positive']
588,<pad> food:conflict</s>,['food:positive']
589,"<pad> food:positive,ambience:positive</s>","['food:positive,ambience:positive']"
590,"<pad> food:positive,price:positive</s>","['food:positive,price:positive']"
591,"<pad> food:positive,service:positive,price:positive</s>","['food:positive,service:positive,price:positive']"
592,<pad> food:positive</s>,['food:positive']
593,<pad> food:positive</s>,['food:positive']
594,"<pad> food:positive,service:positive</s>","['food:positive,service:positive']"
595,<pad> food:positive</s>,['food:positive']
596,<pad> food:negative</s>,['food:negative']
597,"<pad> food:neutral,service:neutral</s>","['food:neutral,service:negative']"
598,"<pad> food:negative,price:negative</s>","['price:negative,food:negative']"
599,<pad> service:positive</s>,['service:negative']
600,<pad> price:neutral</s>,['price:positive']
601,<pad> service:negative</s>,['price:negative']
602,<pad> food:positive</s>,['food:conflict']
603,<pad> food:positive</s>,['food:positive']
604,<pad> food:positive</s>,['food:positive']
605,<pad> food:positive</s>,['food:positive']
606,<pad> ambience:conflict</s>,['ambience:conflict']
607,<pad> food:neutral</s>,"['ambience:neutral,food:positive']"
608,<pad> ambience:positive</s>,['ambience:negative']
609,<pad> anecdotes/miscellaneous:positive</s>,['anecdotes/miscellaneous:positive']
610,<pad> ambience:conflict</s>,['ambience:positive']
611,<pad> anecdotes/miscellaneous:positive</s>,['anecdotes/miscellaneous:positive']
612,<pad> anecdotes/miscellaneous:neutral</s>,['anecdotes/miscellaneous:neutral']
613,<pad> anecdotes/miscellaneous:positive</s>,['anecdotes/miscellaneous:positive']
614,<pad> service:negative</s>,['service:negative']
615,<pad> anecdotes/miscellaneous:neutral</s>,['ambience:positive']
616,"<pad> service:negative,price:negative</s>",['ambience:negative']
617,<pad> anecdotes/miscellaneous:neutral</s>,['anecdotes/miscellaneous:neutral']
618,<pad> food:positive</s>,['food:positive']
619,<pad> ambience:negative</s>,['ambience:negative']
620,<pad> service:neutral</s>,['service:positive']
621,<pad> food:positive</s>,['food:neutral']
622,<pad> food:positive</s>,['food:positive']
623,<pad> food:positive</s>,['food:positive']
624,"<pad> service:positive,ambience:positive</s>","['ambience:positive,service:positive']"
625,"<pad> food:positive,price:positive</s>","['food:positive,price:positive']"
626,<pad> anecdotes/miscellaneous:neutral</s>,['service:negative']
627,<pad> food:positive</s>,['anecdotes/miscellaneous:positive']
628,<pad> food:negative</s>,['food:conflict']
629,<pad> food:positive</s>,['food:positive']
630,<pad> ambience:negative</s>,['ambience:negative']
631,<pad> ambience:positive</s>,['ambience:positive']
632,<pad> service:positive</s>,['service:positive']
633,<pad> food:positive</s>,"['food:positive,anecdotes/miscellaneous:positive']"
634,"<pad> food:positive,ambience:positive</s>","['food:positive,ambience:positive']"
635,<pad> food:positive</s>,['food:positive']
636,"<pad> service:positive,food:positive</s>","['food:positive,service:positive']"
637,"<pad> service:positive,ambience:positive</s>","['service:positive,ambience:positive']"
638,<pad> food:positive</s>,['food:negative']
639,<pad> service:positive</s>,['anecdotes/miscellaneous:positive']
640,"<pad> food:positive,service:positive,price:positive</s>","['food:positive,service:positive,price:positive']"
641,"<pad> food:positive,service:positive,ambience:positive</s>","['food:positive,ambience:positive,service:positive']"
642,"<pad> food:positive,service:positive</s>","['food:positive,service:positive']"
643,<pad> anecdotes/miscellaneous:neutral</s>,['anecdotes/miscellaneous:neutral']
644,<pad> food:positive</s>,['food:positive']
645,<pad> food:positive</s>,['food:positive']
646,<pad> food:positive</s>,['food:positive']
647,<pad> food:positive</s>,['food:positive']
648,<pad> ambience:conflict</s>,['ambience:conflict']
649,<pad> food:positive</s>,['food:positive']
650,"<pad> food:positive,service:positive</s>","['food:positive,service:positive']"
651,"<pad> food:positive,service:positive</s>","['food:positive,service:positive']"
652,<pad> food:positive</s>,['food:positive']
653,"<pad> food:positive,price:positive</s>","['food:positive,price:positive,ambience:positive']"
654,<pad> service:conflict</s>,['service:conflict']
655,<pad> food:positive</s>,['food:positive']
656,"<pad> service:positive,food:positive</s>","['service:positive,food:positive']"
657,<pad> ambience:positive</s>,['ambience:positive']
658,<pad> service:negative</s>,"['food:positive,service:positive']"
659,<pad> food:positive</s>,['food:positive']
660,<pad> anecdotes/miscellaneous:neutral</s>,['anecdotes/miscellaneous:negative']
661,<pad> price:negative</s>,['anecdotes/miscellaneous:negative']
662,<pad> anecdotes/miscellaneous:neutral</s>,['anecdotes/miscellaneous:neutral']
663,<pad> ambience:positive</s>,['ambience:positive']
664,<pad> service:positive</s>,['service:positive']
665,<pad> food:positive</s>,['food:positive']
666,<pad> anecdotes/miscellaneous:positive</s>,['anecdotes/miscellaneous:positive']
667,<pad> anecdotes/miscellaneous:neutral</s>,['anecdotes/miscellaneous:neutral']
668,"<pad> food:conflict,service:conflict,price:negative</s>","['food:negative,service:negative']"
669,<pad> anecdotes/miscellaneous:positive</s>,['anecdotes/miscellaneous:negative']
670,<pad> service:positive</s>,"['food:positive,service:positive']"
671,<pad> anecdotes/miscellaneous:positive</s>,['anecdotes/miscellaneous:positive']
672,<pad> food:positive</s>,['food:positive']
673,<pad> ambience:positive</s>,['ambience:positive']
674,<pad> anecdotes/miscellaneous:positive</s>,['anecdotes/miscellaneous:positive']
675,<pad> food:positive</s>,['food:positive']
676,<pad> food:neutral</s>,['food:positive']
677,"<pad> food:positive,service:positive</s>",['food:positive']
678,<pad> anecdotes/miscellaneous:positive</s>,['food:positive']
679,<pad> food:positive</s>,['food:positive']
680,<pad> food:positive</s>,"['food:positive,price:positive']"
681,"<pad> food:positive,price:positive</s>","['food:positive,price:positive']"
682,<pad> anecdotes/miscellaneous:neutral</s>,['food:neutral']
683,<pad> service:positive</s>,['service:positive']
684,"<pad> anecdotes/miscellaneous:negative,price:negative</s>","['price:negative,food:negative,anecdotes/miscellaneous:negative']"
685,"<pad> food:positive,service:positive,ambience:positive</s>","['ambience:positive,service:positive,food:positive']"
686,<pad> anecdotes/miscellaneous:neutral</s>,['anecdotes/miscellaneous:neutral']
687,<pad> anecdotes/miscellaneous:positive</s>,['anecdotes/miscellaneous:positive']
688,<pad> food:positive</s>,['food:positive']
689,<pad> food:positive</s>,['food:positive']
690,<pad> food:positive</s>,['food:positive']
691,<pad> price:negative</s>,['price:negative']
692,<pad> anecdotes/miscellaneous:positive</s>,['ambience:positive']
693,<pad> service:positive</s>,['food:positive']
694,"<pad> food:positive,service:positive</s>",['food:positive']
695,<pad> food:positive</s>,['food:conflict']
696,<pad> service:negative</s>,['service:negative']
697,<pad> food:negative</s>,['food:negative']
698,<pad> ambience:conflict</s>,['anecdotes/miscellaneous:negative']
699,<pad> food:negative</s>,['food:negative']
700,<pad> food:positive</s>,['food:neutral']
701,<pad> food:positive</s>,['food:positive']
702,<pad> service:negative</s>,['food:neutral']
703,"<pad> food:conflict,service:negative,ambience:negative</s>","['food:conflict,service:negative']"
704,<pad> anecdotes/miscellaneous:neutral</s>,['food:neutral']
705,<pad> food:positive</s>,['food:positive']
706,<pad> ambience:conflict</s>,['ambience:conflict']
707,<pad> anecdotes/miscellaneous:positive</s>,['anecdotes/miscellaneous:positive']
708,<pad> food:neutral</s>,['food:negative']
709,<pad> service:negative</s>,['food:negative']
710,"<pad> service:negative,ambience:negative</s>","['service:negative,food:positive,ambience:negative']"
711,<pad> anecdotes/miscellaneous:positive</s>,['food:positive']
712,"<pad> service:negative,ambience:negative</s>",['food:neutral']
713,"<pad> food:positive,anecdotes/miscellaneous:positive</s>","['ambience:conflict,anecdotes/miscellaneous:positive']"
714,<pad> anecdotes/miscellaneous:neutral</s>,['ambience:negative']
715,<pad> ambience:positive</s>,"['ambience:positive,anecdotes/miscellaneous:positive']"
716,"<pad> food:positive,service:positive,ambience:conflict</s>","['ambience:positive,food:positive,service:positive']"
717,<pad> anecdotes/miscellaneous:neutral</s>,['anecdotes/miscellaneous:neutral']
718,<pad> anecdotes/miscellaneous:positive</s>,['anecdotes/miscellaneous:positive']
719,"<pad> food:positive,service:positive</s>",['food:positive']
720,<pad> ambience:positive</s>,['ambience:positive']
721,<pad> ambience:positive</s>,['ambience:neutral']
722,<pad> anecdotes/miscellaneous:neutral</s>,['anecdotes/miscellaneous:neutral']
723,<pad> anecdotes/miscellaneous:positive</s>,['anecdotes/miscellaneous:positive']
724,<pad> anecdotes/miscellaneous:negative</s>,['anecdotes/miscellaneous:positive']
725,<pad> food:positive</s>,['food:positive']
726,"<pad> food:positive,price:positive</s>","['food:positive,price:positive']"
727,"<pad> food:positive,anecdotes/miscellaneous:positive</s>","['food:positive,anecdotes/miscellaneous:conflict']"
728,<pad> food:positive</s>,['food:positive']
729,<pad> food:conflict</s>,['food:positive']
730,<pad> anecdotes/miscellaneous:positive</s>,['food:positive']
731,<pad> anecdotes/miscellaneous:positive</s>,['food:positive']
732,<pad> food:positive</s>,"['food:positive,anecdotes/miscellaneous:positive']"
733,<pad> food:positive</s>,"['food:positive,anecdotes/miscellaneous:positive']"
734,"<pad> service:positive,ambience:positive</s>","['ambience:positive,anecdotes/miscellaneous:positive']"
735,<pad> ambience:conflict</s>,['ambience:positive']
736,"<pad> food:negative,price:negative</s>","['food:conflict,price:positive']"
737,<pad> service:negative</s>,['service:negative']
738,<pad> ambience:neutral</s>,['ambience:neutral']
739,<pad> ambience:conflict</s>,['ambience:negative']
740,"<pad> food:positive,anecdotes/miscellaneous:positive</s>","['food:positive,ambience:positive,anecdotes/miscellaneous:neutral']"
741,"<pad> food:positive,anecdotes/miscellaneous:positive</s>","['food:neutral,anecdotes/miscellaneous:positive']"
742,<pad> food:positive</s>,['ambience:positive']
743,<pad> ambience:positive</s>,['ambience:positive']
744,<pad> service:positive</s>,['anecdotes/miscellaneous:neutral']
745,<pad> service:positive</s>,['anecdotes/miscellaneous:neutral']
746,<pad> service:positive</s>,['ambience:positive']
747,<pad> food:positive</s>,['food:conflict']
748,<pad> anecdotes/miscellaneous:positive</s>,['anecdotes/miscellaneous:neutral']
749,"<pad> service:conflict,ambience:conflict</s>","['service:negative,anecdotes/miscellaneous:conflict']"
750,<pad> food:positive</s>,['food:positive']
751,"<pad> service:negative,food:negative</s>","['food:negative,service:negative']"
752,<pad> ambience:conflict</s>,['ambience:negative']
753,<pad> price:positive</s>,['price:positive']
754,<pad> ambience:positive</s>,['ambience:positive']
755,<pad> service:negative</s>,['anecdotes/miscellaneous:neutral']
756,<pad> service:positive</s>,['service:positive']
757,<pad> food:conflict</s>,['food:positive']
758,<pad> food:positive</s>,['food:positive']
759,"<pad> food:positive,service:positive,price:positive</s>","['service:positive,food:positive']"
760,<pad> ambience:neutral</s>,['ambience:neutral']
761,<pad> anecdotes/miscellaneous:positive</s>,['ambience:positive']
762,<pad> ambience:positive</s>,['ambience:positive']
763,<pad> anecdotes/miscellaneous:positive</s>,['anecdotes/miscellaneous:positive']
764,<pad> food:conflict</s>,"['food:negative,anecdotes/miscellaneous:conflict']"
765,<pad> anecdotes/miscellaneous:negative</s>,['anecdotes/miscellaneous:negative']
766,<pad> food:neutral</s>,['food:negative']
767,<pad> service:positive</s>,['service:positive']
768,<pad> food:negative</s>,['food:neutral']
769,<pad> anecdotes/miscellaneous:positive</s>,['anecdotes/miscellaneous:neutral']
770,<pad> anecdotes/miscellaneous:positive</s>,['anecdotes/miscellaneous:neutral']
771,<pad> ambience:positive</s>,['ambience:positive']
772,<pad> service:negative</s>,['service:negative']
773,"<pad> food:positive,service:positive,price:positive</s>","['service:conflict,food:positive']"
774,"<pad> anecdotes/miscellaneous:negative,service:negative</s>",['anecdotes/miscellaneous:negative']
775,<pad> food:positive</s>,['food:positive']
776,<pad> food:positive</s>,['food:conflict']
777,<pad> food:conflict</s>,['food:conflict']
778,<pad> food:conflict</s>,['food:conflict']
779,"<pad> food:positive,service:positive,price:positive</s>","['food:positive,service:conflict,price:negative,anecdotes/miscellaneous:conflict']"
780,<pad> food:positive</s>,"['food:positive,anecdotes/miscellaneous:neutral']"
781,<pad> food:positive</s>,['food:positive']
782,<pad> food:positive</s>,['food:neutral']
783,"<pad> food:negative,price:negative</s>","['food:neutral,price:negative']"
784,"<pad> food:negative,service:negative</s>","['food:neutral,service:negative']"
785,"<pad> food:neutral,price:negative</s>","['food:neutral,price:negative']"
786,<pad> food:positive</s>,"['food:positive,anecdotes/miscellaneous:positive']"
787,<pad> food:positive</s>,['anecdotes/miscellaneous:positive']
788,<pad> service:negative</s>,"['service:negative,anecdotes/miscellaneous:negative']"
789,<pad> food:neutral</s>,['food:neutral']
790,<pad> ambience:conflict</s>,['ambience:conflict']
791,<pad> ambience:conflict</s>,['ambience:conflict']
792,<pad> service:positive</s>,['service:positive']
793,<pad> anecdotes/miscellaneous:positive</s>,['anecdotes/miscellaneous:positive']
794,"<pad> service:positive,ambience:positive</s>",['service:negative']
795,<pad> service:negative</s>,['service:negative']
796,<pad> service:positive</s>,['service:positive']
797,<pad> service:negative</s>,"['food:negative,service:negative']"
798,"<pad> anecdotes/miscellaneous:neutral,food:positive</s>","['ambience:positive,food:negative']"
799,<pad> food:positive</s>,['food:positive']
